[[[[{
  "project_info": {
    "project_number": "1036546527681",
    "project_id": "athgo-chatting-app",
    "storage_bucket": "athgo-chatting-app.firebasestorage.app"
  },
  "client": [
    {
      "client_info": {
        "mobilesdk_app_id": "1:1036546527681:android:ff2550d3047bede7fe5f40",
        "android_client_info": {
          "package_name": "ATHGO.com.comany"
        }
      },
      "oauth_client": [],
      "api_key": [
        {
          "current_key": "AIzaSyACYltGu8Hx-FJb-tu9pwEWad_MElT9UpA"
        }
      ],
      "services": {
        "appinvite_service": {
          "other_platform_oauth_client": []
        }
      }
    }
  ],
  "configuration_version": "1"
}